{
  "Unicorns request" : {
    "transaction" : "Unicorns request",
    "sampleCount" : 10,
    "errorCount" : 0,
    "errorPct" : 0.0,
    "meanResTime" : 115.6,
    "minResTime" : 86.0,
    "maxResTime" : 156.0,
    "pct1ResTime" : 155.9,
    "pct2ResTime" : 156.0,
    "pct3ResTime" : 156.0,
    "throughput" : 11.933174224343675,
    "receivedKBytesPerSec" : 10.662943764916468,
    "sentKBytesPerSec" : 4.929426461813843
  },
  "Login request" : {
    "transaction" : "Login request",
    "sampleCount" : 10,
    "errorCount" : 0,
    "errorPct" : 0.0,
    "meanResTime" : 126.1,
    "minResTime" : 105.0,
    "maxResTime" : 148.0,
    "pct1ResTime" : 147.1,
    "pct2ResTime" : 148.0,
    "pct3ResTime" : 148.0,
    "throughput" : 11.210762331838565,
    "receivedKBytesPerSec" : 3.6237913396860986,
    "sentKBytesPerSec" : 2.791742572869955
  },
  "Total" : {
    "transaction" : "Total",
    "sampleCount" : 20,
    "errorCount" : 0,
    "errorPct" : 0.0,
    "meanResTime" : 120.84999999999998,
    "minResTime" : 86.0,
    "maxResTime" : 156.0,
    "pct1ResTime" : 154.3,
    "pct2ResTime" : 155.95,
    "pct3ResTime" : 156.0,
    "throughput" : 20.408163265306122,
    "receivedKBytesPerSec" : 12.416294642857142,
    "sentKBytesPerSec" : 6.756218112244898
  }
}